{
    "version": 1,
    "samplesPerInference": 200,
    "axesCount": 3,
    "classes": [
        "100Hz_100Vol",
        "35Hz_100Vol",
        "65Hz_100Vol"
    ],
    "deployCounter": 1,
    "folders": {
        "input": "/home/input",
        "output": "/home/output"
    },
    "frequency": 100,
    "impulse": {
        "inputBlocks": [
            {
                "id": 2,
                "type": "time-series",
                "name": "Time series",
                "title": "Time series data",
                "primaryVersion": true,
                "padZeros": true,
                "windowSizeMs": 2000,
                "windowIncreaseMs": 200,
                "frequencyHz": 100
            }
        ],
        "dspBlocks": [
            {
                "id": 5,
                "type": "syntiant-imu",
                "name": "Syntiant IMU",
                "axes": [
                    "accX",
                    "accY",
                    "accZ"
                ],
                "title": "IMU (Syntiant)",
                "primaryVersion": true,
                "input": 2,
                "implementationVersion": 1,
                "metadata": {
                    "created": "2024-07-13T10:52:16.372Z",
                    "dspConfig": {
                        "options": {
                            "scaling": true,
                            "scaling_raw": false,
                            "padding": true
                        },
                        "calculateFeatureImportance": false
                    },
                    "labels": [
                        "100Hz_100Vol",
                        "35Hz_100Vol",
                        "65Hz_100Vol"
                    ],
                    "valuesPerAxis": 202.66666666666666,
                    "windowCount": 1230,
                    "featureCount": 608,
                    "windowSizeMs": 2000,
                    "windowIncreaseMs": 200,
                    "frequency": 100,
                    "padZeros": true,
                    "outputConfig": {
                        "type": "flat",
                        "shape": {
                            "width": 608
                        }
                    },
                    "fftUsed": [],
                    "includeEmptyLabels": false,
                    "inputShape": [
                        600
                    ],
                    "includedSamplesAreInOrder": true,
                    "resamplingAlgorithmVersion": 2
                }
            }
        ],
        "learnBlocks": [
            {
                "id": 4,
                "type": "keras",
                "name": "Accelerometer_Classifier",
                "dsp": [
                    5
                ],
                "title": "Classification",
                "primaryVersion": true,
                "mutated": true
            }
        ]
    },
    "project": {
        "name": "CNN Accelerometer Classification",
        "id": 486751,
        "owner": "Iustin Lungu",
        "apiKey": "ei_fc0c6e1708e985edf9052156ece251034c6b7b2e8066d1ba53007c8cf8b38919",
        "studioHost": "localhost:4800"
    },
    "sensor": "accelerometer",
    "tfliteModels": [
        {
            "arenaSize": 4230,
            "inputFrameSize": 608,
            "inputTensor": "dense_input",
            "outputTensor": "y_pred/Softmax:0",
            "details": {
                "modelType": "int8",
                "inputs": [
                    {
                        "dataType": "int8",
                        "name": "serving_default_x:0",
                        "shape": [
                            1,
                            608
                        ],
                        "quantizationScale": 0.0026348039973527193,
                        "quantizationZeroPoint": -104
                    }
                ],
                "outputs": [
                    {
                        "dataType": "int8",
                        "name": "StatefulPartitionedCall:0",
                        "shape": [
                            1,
                            3
                        ],
                        "quantizationScale": 0.00390625,
                        "quantizationZeroPoint": -128
                    }
                ]
            },
            "modelPath": "/home/input/trained.tflite"
        }
    ]
}